State,District,Murder,Rape,Kidnap,Dacoity/theft,Riots,Fraud,injury,unnatural,Total_crimes,Sexual_harassment,Death_by_negligence,Offences_against_state,other_crimes,Blocks,Villages,Clusters,Total_population,Urban_population,Growth_rate,Sex_ratio,Overall_literacy,Female_lit,Male_lit,Area_sqkm
andhra pradesh,anantapur,313,106,125,1204,214,306,37,0,8433,652,1676,0,3800,63,916,565,4083315.0,28.09,12.16,977.0,64.28,54.31,74.09,19130.0
andhra pradesh,chittoor,256,96,38,757,134,207,41,0,5426,524,787,19,2567,66,1372,568,4170468.0,29.47,11.33,1002.0,72.36,63.65,81.15,15152.0
andhra pradesh,east godavari,150,273,66,1276,27,214,94,0,7682,1052,707,32,3791,64,1447,445,5151549.0,25.52,5.1,1005.0,71.35,67.82,74.91,10807.0
andhra pradesh,guntur,246,171,64,950,78,344,89,0,6968,1062,1340,18,2606,57,718,378,4889230.0,33.89,9.5,1003.0,67.99,60.64,75.4,11391.0
andhra pradesh,krishna,99,260,41,838,9,253,62,0,7214,1207,488,15,3942,50,927,414,4529009.0,41.01,8.15,997.0,74.37,69.62,79.13,8727.0
andhra pradesh,kurnool,258,100,53,838,108,643,42,0,8442,1028,1819,31,3522,54,904,308,4046601.0,28.26,14.65,984.0,61.13,50.81,71.36,17658.0
andhra pradesh,nellore,199,190,153,1491,84,271,76,1,8034,876,1639,17,3037,46,1044,307,2966082.0,29.07,11.15,986.0,69.15,62.3,75.93,13076.0
andhra pradesh,srikakulam,63,123,33,396,17,164,85,1,4795,606,1179,5,2123,38,1521,397,2699471.0,16.16,6.38,1014.0,62.3,52.56,72.25,5837.0
andhra pradesh,visakhapatnam,95,252,130,1800,3,423,78,0,7825,643,2191,8,2202,43,2197,332,4288113.0,47.51,11.89,1003.0,67.7,60.0,75.48,11161.0
andhra pradesh,vizianagaram,67,142,27,570,13,150,54,0,5093,890,1185,5,1990,34,1366,243,2342868.0,20.93,4.16,1016.0,59.49,50.16,69.04,6539.0
andhra pradesh,west godavari,179,484,67,1600,29,424,88,0,8768,1189,1779,63,2866,48,871,367,3934782.0,20.55,3.45,1004.0,74.32,71.05,77.63,7742.0
arunachal pradesh,anjaw,0,0,1,8,1,1,2,0,28,1,2,0,12,4,90,8,21089.0,8.02,13.77,805.0,59.4,46.39,69.54,6190.0
arunachal pradesh,changlang,12,18,11,74,1,0,16,0,191,0,12,24,23,7,305,14,147951.0,11.5,17.96,914.0,61.9,52.08,70.8,4662.0
arunachal pradesh,dibang valley,0,3,0,0,0,0,0,0,6,0,0,0,3,3,26,7,7948.0,11.64,9.3,808.0,64.8,59.1,69.39,9129.0
arunachal pradesh,lohit,14,21,25,80,3,6,18,0,292,14,16,6,89,2,62,6,145538.0,12.57,16.44,901.0,69.88,61.62,77.25,5212.0
arunachal pradesh,longding,8,9,9,16,1,0,13,0,98,3,2,8,29,4,62,5,0.0,0.0,0.0,0.0,0.0,0.0,0.0,0.0
arunachal pradesh,lower dibang valley,7,9,4,33,0,2,10,0,81,0,8,3,5,3,86,10,53986.0,9.75,7.01,919.0,70.38,63.56,76.62,3900.0
arunachal pradesh,tawang,4,0,0,16,0,0,2,0,40,1,2,2,13,6,131,10,49950.0,12.23,28.33,701.0,60.61,48.75,68.54,2172.0
arunachal pradesh,tirap,12,9,10,24,0,5,6,0,122,2,0,12,42,3,103,4,111997.0,12.08,11.63,931.0,52.23,41.83,61.87,2362.0
assam,barpeta,114,429,379,819,439,282,462,0,9184,1693,379,70,4118,7,831,161,1693190.0,8.7,21.4,951.0,65.03,59.04,70.72,2282.0
assam,bongaigaon,40,93,51,289,15,56,109,0,1843,190,162,0,838,4,501,67,732639.0,13.76,19.58,961.0,70.44,65.18,75.48,1093.0
assam,cachar,65,243,249,1063,202,101,100,0,5730,659,525,16,2507,8,1175,176,1736319.0,18.2,20.17,958.0,80.36,74.62,85.85,3786.0
assam,chirang,57,92,58,143,19,34,102,0,907,100,18,23,261,2,506,61,481818.0,7.37,11.26,969.0,64.71,57.87,71.35,1923.0
assam,darrang,35,356,208,560,82,214,485,2,4088,953,264,2,927,3,547,95,908090.0,6.1,19.51,923.0,64.55,60.4,68.36,1585.0
assam,dhemaji,25,147,84,150,0,53,141,5,1145,166,75,30,269,3,1089,101,688077.0,7.04,20.3,949.0,69.07,62.13,75.66,3237.0
assam,dhubri,202,579,420,756,796,275,1790,0,7350,1389,103,0,1040,7,1042,200,1948632.0,10.36,24.4,952.0,59.36,54.26,64.2,2176.0
assam,dibrugarh,86,201,163,1025,14,44,353,0,3161,363,104,17,791,6,1069,107,1327748.0,18.36,12.04,952.0,76.22,69.52,82.59,3381.0
assam,goalpara,106,324,218,553,52,137,388,2,2822,496,70,0,476,4,694,127,1008959.0,13.66,22.74,962.0,68.67,64.53,72.67,1824.0
assam,golaghat,156,259,238,504,63,45,480,4,3057,247,86,71,904,5,888,105,1058674.0,9.24,11.88,961.0,78.31,72.18,84.2,3502.0
assam,hailakandi,25,231,104,277,287,44,22,0,2065,236,36,0,803,3,386,103,659260.0,7.31,21.44,946.0,75.26,68.54,81.61,1327.0
assam,jorhat,35,108,94,747,7,169,281,0,3729,564,338,73,1313,6,789,136,1091295.0,20.12,9.21,956.0,83.42,78.22,88.38,2851.0
assam,karbi anglong,74,75,78,196,12,33,95,11,996,68,90,93,171,11,668,190,965280.0,11.82,18.69,956.0,73.52,64.62,82.12,10434.0
assam,karimganj,75,225,119,441,294,99,238,0,2944,360,138,38,917,6,995,112,1217002.0,9.06,20.74,961.0,79.72,73.49,85.7,1809.0
assam,kokrajhar,81,135,106,287,10,39,115,0,1506,122,82,25,504,4,967,140,886999.0,6.17,5.19,958.0,66.63,59.54,73.44,3296.0
assam,lakhimpur,40,201,150,381,37,115,41,0,2967,428,150,28,1396,6,993,165,1040644.0,8.77,17.06,965.0,78.39,71.91,84.66,2277.0
assam,morigaon,105,257,174,347,218,129,239,16,2706,684,171,42,324,4,534,98,957853.0,7.65,23.39,974.0,69.37,64.99,73.66,1551.0
assam,nagaon,226,639,454,1372,499,189,1007,6,8546,1534,570,174,1876,11,1311,251,2826006.0,13.03,22.09,962.0,73.78,69.21,78.19,3973.0
assam,nalbari,45,123,116,502,23,44,40,0,2187,42,13,0,1239,4,447,98,769919.0,10.72,11.74,945.0,79.89,73.85,85.58,1052.0
assam,sibsagar,121,132,222,840,50,103,840,0,4188,492,67,46,1275,6,833,149,1150253.0,9.55,9.37,951.0,81.36,75.69,86.75,2668.0
assam,sonitpur,199,336,222,879,90,151,258,13,4094,406,397,102,1041,7,1533,179,1925975.0,8.89,15.67,946.0,69.96,62.53,76.98,5204.0
assam,tinsukia,138,201,143,836,64,100,125,4,3351,233,265,36,1206,5,817,99,1316948.0,19.97,14.51,948.0,70.92,63.54,77.89,3790.0
assam,udalguri,74,103,73,216,18,27,164,1,1500,125,38,40,621,3,734,96,832769.0,4.51,9.76,966.0,66.6,59.17,73.79,2012.0
bihar,araria,234,105,85,403,312,126,37,0,3944,24,147,12,2459,9,990,140,2806200.0,6.01,30.0,921.0,55.1,45.18,64.15,2830.0
bihar,arwal,57,18,26,142,85,54,28,3,994,15,70,19,477,5,307,33,699563.0,7.36,19.01,927.0,69.54,56.85,81.27,638.0
bihar,banka,385,66,73,214,195,10,344,0,2518,90,196,23,922,11,1340,178,2029339.0,3.52,26.14,907.0,60.12,49.4,69.76,3020.0
bihar,begusarai,330,117,209,829,470,127,103,0,5193,121,347,124,2416,18,870,134,2954367.0,19.19,25.75,894.0,66.23,57.1,74.36,1918.0
bihar,bhagalpur,173,181,213,957,348,196,12,1,4819,212,268,45,2213,17,1394,156,3032226.0,19.79,25.13,879.0,64.96,56.49,72.3,2569.0
bihar,bhojpur,554,111,151,779,215,556,652,0,5520,182,264,158,1898,14,1204,159,2720155.0,14.29,21.27,900.0,72.79,60.2,84.08,2395.0
bihar,buxar,79,48,87,576,358,36,270,0,3304,132,145,0,1573,11,767,101,1707643.0,9.61,21.77,922.0,71.77,59.84,82.78,1703.0
bihar,darbhanga,256,206,289,778,621,120,401,2,5412,336,289,11,2103,19,1168,191,3921971.0,9.69,19.0,910.0,58.26,46.88,68.58,2279.0
bihar,gaya,212,170,248,1702,543,100,912,3,7288,261,708,74,2355,24,2334,252,4379383.0,13.14,26.08,932.0,66.35,55.9,76.02,4976.0
bihar,gopalganj,563,42,172,401,398,179,317,0,3884,195,117,6,1494,14,1358,120,2558037.0,6.32,18.83,1015.0,67.04,56.03,78.38,2033.0
bihar,jamui,251,92,70,219,133,46,82,0,1718,78,130,0,617,10,1054,143,1756078.0,8.24,25.54,921.0,62.16,49.44,73.77,3098.0
bihar,jehanabad,54,43,84,293,202,36,734,0,1982,78,131,18,309,7,512,69,1124176.0,11.95,21.34,918.0,68.27,56.24,79.3,931.0
bihar,katihar,130,212,144,580,238,84,173,2,3532,73,201,27,1668,16,1621,173,3068149.0,8.91,28.23,916.0,53.56,45.37,60.99,3057.0
bihar,khagaria,153,59,118,225,172,79,155,0,2614,38,157,6,1452,7,287,88,1657599.0,5.26,29.46,883.0,60.87,52.16,68.51,1486.0
bihar,kishanganj,53,192,122,332,171,78,311,5,2104,119,83,2,636,7,978,131,1690948.0,9.68,30.44,946.0,57.04,47.98,65.56,1884.0
bihar,lakhisarai,152,35,66,228,204,53,70,15,1700,101,169,22,585,7,471,61,1000717.0,14.29,24.74,900.0,64.95,54.89,73.98,1228.0
bihar,madhepura,196,49,78,268,246,108,45,0,2429,66,138,0,1235,13,404,126,1994618.0,4.42,30.65,914.0,53.78,42.75,63.82,1788.0
bihar,madhubani,412,134,199,590,406,75,327,5,5181,270,241,12,2510,21,1102,241,4476044.0,3.68,25.19,925.0,60.9,48.3,72.53,3501.0
bihar,munger,69,41,52,282,195,82,23,0,1780,61,117,27,831,9,535,78,1359054.0,28.3,19.45,879.0,73.3,65.53,80.06,1419.0
bihar,muzaffarpur,314,193,444,2540,659,330,2967,0,9091,458,185,0,1001,16,1828,258,4778610.0,9.83,27.54,898.0,65.68,56.82,73.61,3172.0
bihar,nalanda,215,99,207,626,328,162,645,0,6920,334,486,0,3818,20,1114,189,2872523.0,15.93,21.18,921.0,66.41,54.76,77.11,2355.0
bihar,patna,348,286,752,4835,636,1193,4574,0,19846,678,493,92,5959,24,1600,266,5772804.0,43.48,22.34,892.0,72.47,63.72,80.28,3202.0
bihar,rohtas,126,71,161,953,294,154,1479,0,5216,160,347,31,1440,19,1907,200,2962593.0,14.43,20.22,914.0,75.59,64.95,85.29,3881.0
bihar,saharsa,159,42,115,363,549,149,41,0,3214,89,104,0,1603,10,651,107,1897102.0,8.18,25.79,906.0,54.57,42.73,65.22,1687.0
bihar,samastipur,342,154,255,765,380,130,300,0,5694,223,110,0,3035,20,1138,182,4254782.0,3.46,25.33,909.0,63.81,53.52,73.09,2904.0
bihar,saran,475,111,249,882,442,211,460,0,5647,240,145,1,2431,20,1564,178,3943098.0,8.93,21.37,949.0,68.57,56.89,79.71,2641.0
bihar,sheikhpura,26,15,51,164,136,93,84,0,1331,96,25,0,641,6,355,43,634927.0,17.14,20.82,926.0,65.96,54.93,76.14,689.0
bihar,sheohar,48,29,33,125,62,25,10,0,788,36,22,17,381,5,183,34,656916.0,4.28,27.32,890.0,56.0,47.25,63.72,349.0
bihar,sitamarhi,441,53,220,827,345,84,138,4,5446,271,184,61,2818,17,852,169,3419622.0,5.58,27.47,899.0,53.53,43.4,62.56,2294.0
bihar,siwan,325,51,198,745,425,285,381,0,5016,121,124,0,2361,19,1405,171,3318176.0,5.49,22.25,984.0,71.59,60.35,82.77,2219.0
bihar,supaul,162,109,132,352,573,84,48,0,3039,105,152,19,1303,11,623,94,2228397.0,4.74,28.62,925.0,59.65,46.63,71.65,2425.0
bihar,vaishali,193,84,296,1364,603,176,115,0,6393,205,331,33,2993,16,1187,182,3495249.0,6.65,28.58,892.0,68.56,59.1,77.0,2036.0
chhattisgarh,balod,29,102,27,191,24,23,26,2,1541,92,98,0,927,5,771,93,0.0,0.0,0.0,0.0,0.0,0.0,0.0,0.0
chhattisgarh,balrampur,76,333,21,111,36,18,91,6,1547,107,322,5,421,6,700,114,0.0,0.0,0.0,0.0,0.0,0.0,0.0,0.0
uttar pradesh,balrampur,50,57,67,97,22,27,45,1,574,43,35,0,130,6,700,114,0.0,0.0,0.0,0.0,0.0,0.0,0.0,0.0
chhattisgarh,dhamtari,32,109,24,155,6,17,31,0,1367,67,212,3,711,4,696,81,799199.0,18.66,13.11,1012.0,78.95,69.24,88.84,4084.0
chhattisgarh,durg,91,256,243,1243,44,112,115,8,6824,450,1321,2,2939,3,567,61,3343079.0,38.41,18.95,988.0,79.69,70.51,88.8,8535.0
chhattisgarh,jashpur,73,258,71,157,9,19,62,18,1392,59,395,10,261,8,813,135,852043.0,8.92,14.65,1004.0,68.6,59.05,78.24,5838.0
chhattisgarh,kanker,89,120,47,170,22,18,28,0,1327,69,149,11,604,7,1268,137,748593.0,10.25,15.0,1007.0,70.97,61.08,80.98,7161.0
chhattisgarh,kondagaon,53,63,20,74,17,5,194,0,824,25,317,5,51,5,632,103,0.0,0.0,0.0,0.0,0.0,0.0,0.0,0.0
chhattisgarh,korba,52,206,53,427,33,68,57,3,2694,144,722,0,929,5,797,118,1206563.0,36.98,19.25,971.0,73.22,62.26,83.88,6598.0
chhattisgarh,koriya,67,174,85,178,28,22,713,0,1822,136,80,0,339,5,694,81,659039.0,31.19,12.4,971.0,71.41,61.01,81.52,6604.0
chhattisgarh,mahasamund,39,132,87,396,39,41,38,0,2548,141,594,1,1040,5,1172,120,1032275.0,11.64,20.0,1018.0,71.54,60.37,83.01,4790.0
chhattisgarh,narayanpur,36,21,9,20,0,2,6,7,235,7,75,0,52,2,244,30,0.0,0.0,0.0,0.0,0.0,0.0,58.97,4653.0
chhattisgarh,raipur,146,429,265,2169,82,276,138,6,8551,327,2098,14,2601,4,721,86,4062160.0,36.49,34.65,983.0,76.43,66.21,86.5,12383.0
chhattisgarh,rajnandgaon,63,171,113,429,34,74,27,2,3363,140,920,6,1384,9,1691,151,1537520.0,17.73,19.82,1017.0,76.97,66.98,87.19,8070.0
chhattisgarh,sukma,63,15,9,31,9,0,7,0,249,8,10,0,97,3,524,56,0.0,0.0,0.0,0.0,0.0,0.0,0.0,0.0
chhattisgarh,surajpur,59,150,81,268,23,30,51,0,1842,118,441,3,618,6,688,111,0.0,0.0,0.0,0.0,0.0,0.0,0.0,0.0
goa,north goa,48,165,93,985,118,164,112,1,2857,197,536,13,425,6,336,66,817761.0,60.24,7.8,959.0,88.85,83.74,93.77,1736.0
goa,south goa,34,113,59,533,47,92,43,0,1598,93,294,1,289,6,194,45,639962.0,64.63,8.63,980.0,85.53,79.42,91.56,1966.0
gujarat,amreli,53,22,72,188,31,13,61,0,1809,161,428,3,777,11,626,120,1513614.0,41.01,8.59,964.0,74.49,66.97,81.82,7397.0
gujarat,anand,58,36,73,506,43,58,80,0,3415,143,858,7,1553,8,362,164,2090276.0,22.76,12.57,921.0,85.79,77.76,93.23,3204.0
gujarat,bharuch,74,126,64,587,59,4,92,1,2979,112,761,7,1092,9,711,131,1550822.0,79.68,13.14,924.0,83.03,76.79,88.8,6509.0
gujarat,bhavnagar,78,51,105,566,64,39,157,1,3603,230,729,5,1578,10,697,147,2877961.0,30.32,16.53,931.0,76.84,66.92,86.15,10034.0
gujarat,botad,25,33,27,88,11,6,46,1,801,50,168,2,344,4,195,40,0.0,0.0,0.0,0.0,0.0,0.0,0.0,0.0
gujarat,chhotaudepur,32,45,40,151,13,8,56,0,1168,32,305,2,484,6,929,116,0.0,0.0,0.0,0.0,0.0,0.0,0.0,0.0
gujarat,gandhinagar,30,54,79,520,54,104,66,0,7472,176,3534,3,2852,4,490,96,1387478.0,84.05,12.15,920.0,85.78,77.37,93.59,2140.0
gujarat,gir somnath,25,51,32,157,38,24,39,0,1429,158,336,3,566,6,360,85,0.0,0.0,0.0,0.0,0.0,0.0,0.0,0.0
gujarat,jamnagar,60,102,60,434,48,34,116,0,3777,258,837,11,1817,6,432,110,2159130.0,48.77,13.38,938.0,74.4,65.97,82.35,14184.0
gujarat,junagadh,28,63,70,261,45,19,44,1,2517,339,592,4,1051,10,521,100,2742291.0,25.49,12.01,952.0,76.88,67.59,85.8,8831.0
gujarat,kheda,43,36,80,243,40,40,118,0,3608,115,989,3,1901,10,558,179,2298934.0,14.0,12.81,937.0,84.31,74.67,93.4,3953.0
gujarat,mahisagar,28,30,25,92,14,6,31,0,1051,111,214,0,500,6,648,135,0.0,0.0,0.0,0.0,0.0,0.0,0.0,0.0
gujarat,morbi,51,27,29,230,24,2,40,0,2310,113,1182,4,608,5,402,82,0.0,0.0,0.0,0.0,0.0,0.0,0.0,0.0
gujarat,narmada,15,24,15,55,11,3,42,0,677,36,230,0,246,5,651,84,590379.0,34.07,14.77,960.0,73.29,63.62,82.6,2817.0
gujarat,navsari,30,45,37,379,23,26,46,0,1714,88,551,10,479,6,399,103,1330711.0,37.23,8.24,961.0,84.78,79.3,90.06,2246.0
gujarat,patan,32,75,53,385,31,45,85,1,2151,190,408,2,844,9,679,109,1342746.0,25.35,13.53,935.0,73.47,62.01,84.28,5792.0
gujarat,porbandar,16,24,20,98,25,19,22,0,918,113,171,2,408,3,163,48,586062.0,33.05,9.17,947.0,76.63,68.32,84.56,2316.0
gujarat,surendranagar,82,66,44,343,62,15,146,2,2493,125,675,3,930,10,602,124,1755873.0,58.12,15.89,929.0,73.19,62.2,83.47,10423.0
gujarat,tapi,15,45,13,151,14,17,26,0,1003,118,320,0,284,7,556,81,806489.0,46.06,12.07,1004.0,69.23,61.69,76.86,3139.0
gujarat,valsad,56,78,111,835,47,84,113,0,3052,110,953,6,659,6,486,135,1703068.0,9.79,20.74,926.0,80.94,74.96,86.48,3008.0
haryana,bhiwani,111,142,102,1283,219,153,78,12,4673,231,634,7,1701,10,531,116,1629109.0,19.8,14.32,884.0,76.74,64.8,87.39,4778.0
haryana,faridabad,108,307,384,2538,207,157,118,5,5994,432,13,16,1709,2,211,33,1798954.0,79.44,31.75,871.0,83.04,75.17,89.94,741.0
haryana,fatehabad,35,82,39,538,92,65,27,8,2472,219,294,2,1071,6,284,60,941522.0,19.04,16.79,903.0,69.13,59.29,78.1,2538.0
haryana,gurgaon,155,364,348,5687,172,440,96,19,11528,464,1192,31,2560,4,325,81,1514085.0,68.82,73.93,853.0,84.44,77.64,90.27,1258.0
haryana,jhajjar,130,170,24,619,32,63,62,9,2199,204,463,6,417,5,256,45,956907.0,25.39,8.73,861.0,80.83,70.96,89.44,1834.0
haryana,jind,82,75,82,822,150,26,46,3,2875,199,343,11,1036,7,314,60,1332042.0,22.82,11.95,870.0,72.73,61.58,82.49,2702.0
haryana,kaithal,71,100,133,535,0,25,87,4,1941,184,359,4,439,6,297,56,1072861.0,21.97,13.39,880.0,70.56,60.69,79.33,2317.0
haryana,karnal,90,310,379,1373,21,241,270,8,4235,338,570,9,626,6,468,110,1506323.0,30.27,18.22,886.0,76.44,68.29,83.73,2520.0
haryana,kurukshetra,48,114,61,917,0,159,147,4,2636,172,451,2,561,6,439,80,964231.0,28.93,16.81,889.0,76.7,69.18,83.46,1530.0
haryana,mewat,103,257,75,571,224,61,58,9,2567,198,382,5,624,5,450,60,1089406.0,11.38,37.94,906.0,56.14,37.58,72.98,1507.0
haryana,palwal,119,150,97,1074,243,89,88,6,3309,305,456,10,672,5,306,51,1040493.0,22.65,25.49,879.0,70.32,56.4,82.6,1359.0
haryana,panchkula,26,110,146,670,0,94,14,3,1659,111,219,4,262,4,279,43,558890.0,54.87,19.32,870.0,83.44,77.48,88.65,898.0
haryana,panipat,87,204,100,1683,110,134,44,8,4724,342,601,22,1389,6,201,43,1202811.0,45.97,24.33,861.0,77.46,68.23,85.45,1268.0
haryana,rewari,60,139,114,957,64,100,131,2,2834,216,664,5,382,5,396,75,896129.0,25.82,17.09,898.0,82.23,70.54,92.92,1594.0
haryana,rohtak,144,207,85,1378,110,99,82,11,3912,282,416,5,1093,5,152,43,1058683.0,42.02,12.61,868.0,80.37,71.19,88.42,1745.0
haryana,sirsa,67,154,77,952,19,100,34,10,3558,267,338,12,1528,7,422,99,1295114.0,24.75,15.98,896.0,70.35,61.16,78.64,4277.0
haryana,sonipat,185,189,83,1367,10,121,65,9,4406,290,823,14,1250,8,350,84,1480080.0,30.52,15.71,853.0,80.83,70.88,89.4,2122.0
haryana,yamunanagar,65,157,386,1163,4,117,67,10,3433,253,399,10,802,6,591,80,1214162.0,38.94,16.56,877.0,78.93,71.99,85.06,1768.0
himachal pradesh,chamba,14,69,20,130,38,18,69,1,804,37,141,0,267,15,1150,266,518844.0,6.98,12.58,989.0,73.19,62.14,84.19,6522.0
himachal pradesh,kangra,39,132,32,251,78,54,127,3,2758,140,517,1,1384,19,1785,358,1507223.0,5.73,12.56,1013.0,86.49,80.62,92.55,5739.0
himachal pradesh,kinnaur,2,30,5,52,7,2,12,0,227,9,57,0,51,3,216,55,84298.0,0.0,7.61,818.0,80.77,71.34,88.37,6401.0
himachal pradesh,kullu,13,48,24,104,26,28,71,0,941,56,166,0,405,6,193,131,437474.0,9.43,14.65,950.0,80.14,71.01,88.8,5503.0
himachal pradesh,mandi,21,141,46,134,56,61,89,4,2024,166,409,1,896,20,1804,380,999518.0,6.27,10.89,1012.0,82.81,74.33,91.51,3950.0
himachal pradesh,shimla,36,117,39,271,78,61,45,1,2015,101,424,0,842,20,1639,321,813384.0,24.77,12.58,916.0,84.55,77.8,90.73,5131.0
himachal pradesh,sirmaur,10,84,19,100,41,27,37,0,912,72,242,0,280,13,718,205,530164.0,10.8,15.61,915.0,79.98,72.55,86.76,2825.0
himachal pradesh,solan,6,49,24,178,34,40,28,1,964,43,288,2,271,7,983,149,576670.0,17.7,15.21,884.0,85.02,78.02,91.19,1936.0
himachal pradesh,una,13,69,16,97,44,64,73,0,1123,95,266,1,385,6,394,102,521057.0,8.62,16.24,977.0,87.23,81.67,92.75,1540.0
jammu & kashmir,anantnag,25,57,64,182,180,21,16,2,1341,132,235,0,427,12,523,96,1070144.0,26.04,37.48,937.0,64.32,54.15,74.13,3574.0
jammu & kashmir,bandipora,7,12,40,71,65,9,6,0,626,62,82,0,272,5,205,40,385099.0,16.89,26.31,911.0,57.82,46.24,68.41,345.0
jammu & kashmir,doda,27,69,16,84,3,13,11,0,706,82,166,0,235,10,388,80,409576.0,7.95,27.89,922.0,65.97,50.34,80.36,8912.0
jammu & kashmir,ganderbal,15,2,20,71,50,3,11,0,469,57,103,0,137,4,148,32,297003.0,15.76,36.3,869.0,59.99,47.62,70.74,259.0
jammu & kashmir,jammu,107,204,73,696,71,162,31,7,4358,296,1430,0,1281,14,861,124,1526406.0,49.65,12.48,871.0,83.98,77.41,89.77,2342.0
jammu & kashmir,kargil,1,6,2,6,11,0,2,0,109,0,67,0,14,7,134,54,143388.0,8.89,20.18,775.0,74.49,58.05,86.73,14036.0
jammu & kashmir,kathua,36,58,36,127,39,18,23,2,1317,80,442,0,456,12,495,98,615711.0,14.38,20.38,877.0,73.5,64.56,81.4,2502.0
jammu & kashmir,kishtwar,7,18,18,50,2,6,4,2,399,32,73,0,187,7,163,57,231037.0,6.42,21.06,917.0,58.54,44.13,71.75,1644.0
jammu & kashmir,kulgam,13,21,44,99,78,12,117,0,866,184,199,0,99,6,282,48,422786.0,18.77,7.3,951.0,60.35,49.74,70.58,410.0
jammu & kashmir,kupwara,32,24,42,68,159,7,11,1,722,81,113,0,184,13,391,104,875564.0,11.33,34.62,843.0,66.92,54.79,77.1,2379.0
jammu & kashmir,pulwama,18,21,21,41,63,6,39,1,366,27,56,0,73,8,359,64,570060.0,13.8,29.18,913.0,65.0,53.81,75.41,1086.0
jammu & kashmir,ramban,10,26,23,58,2,9,7,3,688,51,257,0,242,6,139,48,283313.0,4.16,31.81,901.0,56.9,40.04,71.97,1329.0
jammu & kashmir,reasi,11,49,29,54,28,9,14,0,783,37,204,0,348,6,261,53,314714.0,8.49,27.06,891.0,59.42,47.55,69.93,1719.0
jammu & kashmir,samba,24,22,12,63,34,10,12,0,664,18,308,0,161,5,318,35,318611.0,16.83,16.9,886.0,82.48,74.39,89.76,904.0
jammu & kashmir,shopian,44,3,37,72,74,2,3,0,501,32,54,0,180,4,253,32,265960.0,5.62,25.85,951.0,62.49,52.77,71.86,312.0
jammu & kashmir,srinagar,43,41,71,650,130,82,35,3,2548,325,374,0,794,8,94,65,1269751.0,98.73,23.56,879.0,71.21,63.47,77.95,1979.0
jammu & kashmir,udhampur,26,90,19,102,3,7,11,3,1214,54,501,0,398,11,361,86,555357.0,19.72,20.86,863.0,69.9,58.22,79.93,2637.0
jharkhand,bokaro,56,189,97,913,152,147,0,0,3211,205,0,31,1421,9,780,101,2061918.0,47.69,15.99,916.0,73.48,61.46,84.5,2883.0
jharkhand,chatra,63,65,37,175,86,45,19,22,1318,113,107,12,574,12,1169,116,1042304.0,6.03,28.98,951.0,62.14,51.91,71.85,3718.0
jharkhand,deoghar,116,75,63,454,91,99,568,0,2303,187,161,14,475,10,2085,105,1491879.0,17.31,28.02,921.0,66.34,52.39,79.13,2477.0
jharkhand,dhanbad,96,183,155,1353,225,65,31,0,4801,181,450,36,2026,9,1155,107,2682662.0,58.13,11.91,908.0,75.71,64.7,85.68,2040.0
jharkhand,dumka,92,133,31,327,71,52,149,12,1662,79,281,7,428,10,2143,128,1321096.0,6.82,19.39,974.0,62.54,49.6,75.17,3761.0
jharkhand,garhwa,319,160,90,247,143,93,91,1,2617,89,167,50,1167,19,794,78,1322387.0,5.27,27.71,933.0,62.18,49.43,74.0,4093.0
jharkhand,giridih,145,201,91,401,204,205,35,0,3584,255,194,10,1843,13,2573,146,2445203.0,8.5,28.33,943.0,65.12,50.33,79.08,4962.0
jharkhand,godda,50,102,61,174,74,56,0,0,1771,60,110,0,1084,9,1381,120,1311382.0,4.91,25.14,933.0,57.68,44.9,69.56,2266.0
jharkhand,gumla,211,201,45,201,13,44,7,58,1334,40,187,63,264,12,1202,120,1025656.0,6.43,23.21,993.0,66.92,56.97,76.87,5360.0
jharkhand,jamtara,68,100,28,161,116,103,9,0,1074,111,69,14,295,6,1117,80,790207.0,9.62,21.0,959.0,63.73,50.08,76.85,1811.0
jharkhand,khunti,97,23,16,60,39,13,7,24,432,16,61,18,58,6,657,63,530299.0,8.51,21.96,994.0,64.51,53.71,75.33,2535.0
jharkhand,latehar,52,75,37,137,46,33,0,0,895,25,101,10,379,9,696,50,725673.0,7.05,29.38,964.0,61.23,50.26,71.8,4291.0
jharkhand,palamu,191,138,68,355,122,99,25,0,2575,76,173,54,1274,20,1634,144,1936319.0,11.66,25.94,929.0,65.5,53.87,76.27,4393.0
jharkhand,ramgarh,83,155,60,380,117,54,17,3,1534,67,235,19,344,6,392,58,949159.0,44.13,13.06,921.0,73.92,63.49,83.51,1341.0
jharkhand,ranchi,179,225,81,663,90,143,308,21,2552,64,491,28,259,18,1344,131,2912022.0,43.18,23.9,950.0,77.13,68.2,85.63,5097.0
jharkhand,simdega,90,74,15,68,14,22,6,1,468,19,70,21,68,10,450,69,599813.0,7.16,16.62,1000.0,67.59,59.38,75.84,3774.0
karnataka,bagalkot,91,66,25,304,208,96,41,1,2169,154,866,2,315,6,785,126,1890826.0,31.67,14.46,984.0,69.39,58.55,80.16,6552.0
karnataka,bidar,148,107,52,418,227,80,48,0,4388,209,1473,5,1621,5,803,130,1700018.0,24.9,13.16,952.0,71.01,61.66,79.94,5448.0
karnataka,chikkaballapura,83,108,27,361,181,106,35,0,2459,150,711,3,694,6,1203,121,1254377.0,22.26,9.17,968.0,70.08,61.55,78.36,4244.0
karnataka,chitradurga,85,72,31,394,248,79,26,0,4024,340,1861,0,888,6,1087,151,1660378.0,19.78,9.39,969.0,73.82,66.05,81.37,8436.0
karnataka,dakshina kannada,60,121,10,214,148,99,28,0,2155,107,969,14,385,7,487,114,2083625.0,47.6,9.8,1018.0,88.62,84.04,93.31,4861.0
karnataka,davanagere,110,120,60,661,290,130,43,0,3697,309,1230,1,743,7,878,131,1946905.0,32.31,8.71,967.0,76.3,69.39,83.02,5924.0
karnataka,dharwad,49,69,8,120,127,30,29,0,1256,50,579,0,195,7,427,84,1846993.0,56.83,15.13,967.0,80.3,73.57,86.83,4260.0
karnataka,gadag,31,45,11,153,92,53,21,1,1127,55,487,0,178,6,439,84,1065235.0,35.65,9.61,978.0,75.18,65.29,84.89,4657.0
karnataka,hassan,161,189,57,569,157,123,31,0,5301,365,2112,0,1537,8,1971,208,1776221.0,21.23,3.17,1005.0,75.89,68.3,83.55,6814.0
karnataka,haveri,78,120,17,354,250,37,23,0,2275,151,910,0,335,7,840,110,1598506.0,22.27,11.08,951.0,77.6,70.65,84.22,4823.0
karnataka,kodagu,67,75,36,237,32,92,21,0,1869,106,519,0,684,3,286,42,554762.0,14.62,1.13,1019.0,82.52,77.91,87.24,4102.0
karnataka,kolar,105,96,18,289,220,91,19,0,2248,96,828,0,486,6,1506,145,1540231.0,31.38,11.04,976.0,74.33,66.56,81.94,3979.0
karnataka,koppal,38,84,31,263,175,112,187,0,1935,88,798,0,159,4,676,81,1391292.0,16.79,16.32,983.0,67.28,56.22,78.21,5570.0
karnataka,mandya,111,110,69,700,230,97,57,0,5049,444,1709,0,1522,8,1355,145,1808680.0,17.08,2.55,989.0,70.14,62.1,78.14,4962.0
karnataka,raichur,132,167,37,288,306,138,48,0,3225,341,946,3,819,5,946,125,1924773.0,25.32,15.27,992.0,60.46,49.56,71.35,8442.0
karnataka,shimoga,102,174,54,710,350,244,64,2,6151,647,2005,0,1799,7,1468,170,1755512.0,35.5,6.88,995.0,80.5,74.89,86.11,8478.0
karnataka,udupi,47,84,19,264,79,145,28,2,2533,172,1187,19,487,5,308,79,1177908.0,28.36,5.9,1093.0,86.29,81.41,91.69,3582.0
karnataka,uttara kannada,47,76,32,249,103,119,51,0,2824,216,1287,2,642,5,442,86,1436847.0,29.14,6.15,975.0,84.03,78.21,89.72,10277.0
kerala,idukki,82,215,10,327,216,218,99,2,5389,360,1486,1,2373,8,69,61,1107453.0,4.7,-1.93,1006.0,92.2,89.59,94.84,4356.0
kerala,kannur,180,180,15,418,745,192,151,2,6822,563,1827,0,2549,15,142,93,2525637.0,65.05,4.84,1133.0,95.41,93.57,97.54,2961.0
kerala,kottayam,116,225,14,448,186,240,125,4,17897,405,12502,1,3631,13,122,84,1979384.0,28.58,1.32,1040.0,96.4,95.67,97.17,2206.0
kerala,malappuram,88,309,8,616,682,379,112,26,18250,947,12767,8,2308,15,128,136,4110956.0,44.19,13.39,1096.0,93.55,91.55,95.78,3554.0
kerala,palakkad,132,267,21,569,473,414,128,3,14889,651,2683,3,9545,13,124,125,2810892.0,24.09,7.39,1067.0,88.49,84.99,92.27,4482.0
kerala,pathanamthitta,113,190,13,462,215,292,155,5,8637,289,5120,0,1783,9,64,60,1195537.0,11.0,-3.12,1129.0,96.93,96.26,97.7,2652.0
madhya pradesh,alirajpur,69,51,17,143,9,5,73,0,1195,25,392,0,411,6,612,62,728677.0,7.8,19.4,1009.0,37.22,30.97,43.6,3182.0
madhya pradesh,anuppur,51,214,107,379,24,22,36,3,2797,242,371,0,1348,4,623,46,749521.0,27.4,12.35,975.0,69.08,57.89,80.1,3747.0
madhya pradesh,balaghat,86,393,187,297,41,40,41,3,3754,300,720,5,1641,10,1709,78,1701156.0,14.4,13.56,1021.0,78.29,69.71,87.1,9229.0
madhya pradesh,barwani,63,204,27,342,22,11,47,2,2988,116,975,0,1179,7,708,78,1385659.0,14.7,27.55,981.0,50.23,43.07,57.3,5427.0
madhya pradesh,betul,121,496,191,589,2,73,56,8,7134,832,1075,2,3689,10,1525,79,1575247.0,19.6,12.91,970.0,70.14,61.63,78.4,10043.0
madhya pradesh,bhind,191,234,106,720,71,51,1260,4,5002,258,215,0,1892,6,1128,70,1703562.0,25.4,19.25,838.0,76.59,63.96,87.2,4459.0
madhya pradesh,bhopal,205,669,366,4173,62,190,349,9,16512,729,3494,0,6266,4,548,32,2368145.0,80.8,28.46,911.0,82.26,76.57,87.4,2772.0
madhya pradesh,burhanpur,41,138,24,187,8,21,49,0,2043,148,444,0,983,2,306,21,756993.0,34.4,19.23,951.0,65.28,57.12,73.1,3427.0
madhya pradesh,chhatarpur,99,234,181,449,28,35,324,0,4609,328,182,0,2749,8,1824,74,1762857.0,22.6,19.54,884.0,64.9,54.34,74.2,8687.0
madhya pradesh,chhindwara,116,615,231,548,42,48,2046,3,6536,471,1526,0,890,11,1910,99,2090306.0,24.4,13.03,966.0,72.21,63.38,80.8,11815.0
madhya pradesh,damoh,81,138,109,212,10,16,114,0,2790,236,513,0,1361,7,988,56,1263703.0,19.8,16.58,913.0,70.92,59.9,81.0,7306.0
madhya pradesh,datia,89,102,71,272,17,23,87,0,2838,159,95,0,1923,3,686,34,786375.0,23.2,18.4,875.0,73.5,60.21,85.2,2902.0
madhya pradesh,dewas,122,364,88,719,48,45,107,4,7659,378,1494,1,4289,6,1167,59,1563107.0,28.9,19.48,941.0,70.53,58.27,82.1,7020.0
madhya pradesh,dhar,95,417,341,1199,65,38,527,2,7724,360,2216,0,2464,13,1626,114,2184672.0,18.9,25.53,961.0,60.57,49.69,71.1,8153.0
madhya pradesh,dindori,47,273,75,153,11,14,18,2,4033,287,494,0,2659,7,851,51,704218.0,4.6,21.26,1004.0,65.47,53.49,77.6,7470.0
madhya pradesh,guna,97,369,173,602,52,31,523,5,4768,280,734,2,1900,5,1263,70,1240938.0,25.2,26.91,910.0,65.1,52.53,76.6,6390.0
madhya pradesh,gwalior,240,475,233,2568,108,143,84,8,13178,862,2143,29,6285,5,791,56,2030543.0,62.7,24.41,862.0,77.93,68.29,86.3,4560.0
madhya pradesh,harda,27,141,79,140,10,10,47,5,2107,117,331,1,1199,3,522,24,570302.0,20.9,20.21,932.0,74.04,64.3,83.1,3334.0
madhya pradesh,hoshangabad,126,307,110,688,38,42,129,0,5061,322,946,0,2353,7,1014,54,1240975.0,31.4,14.45,912.0,76.52,67.04,85.2,6703.0
madhya pradesh,indore,342,786,507,8438,89,232,188,8,24474,736,5973,1,7174,5,762,49,3272335.0,74.1,32.71,924.0,82.32,74.89,89.2,3898.0
madhya pradesh,jabalpur,246,594,517,1744,69,133,144,11,13289,766,3161,11,5893,8,1372,63,2460714.0,58.5,14.39,925.0,82.47,75.3,89.1,5211.0
madhya pradesh,jhabua,46,156,102,359,29,29,141,2,3088,120,850,0,1254,6,819,65,1024091.0,9.0,30.58,989.0,44.45,34.29,54.7,3600.0
madhya pradesh,katni,65,280,192,351,9,37,165,1,3842,265,601,4,1872,6,947,54,1291684.0,20.4,21.38,948.0,73.62,62.47,84.2,4950.0
madhya pradesh,khandwa,64,252,127,689,39,53,75,4,4164,396,700,6,1759,7,756,47,1309443.0,19.8,21.44,944.0,67.53,56.54,77.9,7352.0
madhya pradesh,khargone,75,354,126,638,23,27,137,7,4763,364,414,2,2596,9,1208,98,1872413.0,16.0,22.81,963.0,63.98,53.68,74.0,8025.0
madhya pradesh,mandla,54,197,141,134,6,22,252,2,2347,182,135,5,1217,9,1205,73,1053522.0,12.4,17.81,1005.0,68.28,57.2,79.5,5800.0
madhya pradesh,mandsaur,95,270,140,580,25,39,128,0,5722,375,794,0,3276,5,904,51,1339832.0,20.7,13.19,966.0,72.75,58.3,86.8,5535.0
madhya pradesh,morena,95,131,120,736,101,30,315,5,5992,357,1044,0,3058,7,839,64,1965137.0,23.9,23.38,839.0,72.07,57.64,84.2,4989.0
madhya pradesh,neemuch,26,141,41,338,17,17,61,1,3035,136,608,0,1649,3,763,35,825958.0,29.7,13.76,959.0,71.81,57.25,85.9,4256.0
madhya pradesh,panna,45,123,145,182,1,11,216,1,2135,132,75,0,1204,5,1145,63,1016028.0,12.3,18.62,907.0,66.08,55.55,75.6,7135.0
madhya pradesh,raisen,105,486,90,473,41,21,138,8,5520,314,810,0,3034,7,1404,74,1331699.0,22.8,18.36,899.0,74.26,65.09,82.5,8466.0
madhya pradesh,rajgarh,62,284,112,549,41,25,168,2,5704,381,919,7,3154,6,1626,77,1546541.0,17.9,23.32,955.0,62.68,49.79,75.1,6153.0
madhya pradesh,ratlam,91,207,172,523,38,35,244,5,4671,297,1063,0,1996,6,1224,68,1454483.0,29.9,19.67,973.0,68.03,56.45,79.4,4861.0
madhya pradesh,rewa,112,330,272,1304,44,41,168,1,6879,296,391,8,3912,9,1778,143,2363744.0,16.7,19.79,930.0,73.42,62.49,83.7,6314.0
madhya pradesh,sagar,138,380,214,726,85,29,333,10,7912,625,1444,2,3926,11,1896,90,2378295.0,29.8,17.62,896.0,77.52,67.71,86.3,10252.0
madhya pradesh,satna,132,566,451,945,68,38,674,6,7894,424,370,0,4220,8,1840,99,2228619.0,21.3,19.17,927.0,73.79,63.42,83.4,7502.0
madhya pradesh,seoni,44,249,155,300,19,41,88,2,3648,196,804,5,1745,8,1544,80,1378876.0,11.9,18.2,984.0,73.01,64.14,81.8,8758.0
madhya pradesh,shahdol,62,366,200,644,26,40,108,5,5480,627,733,0,2669,5,859,57,1064989.0,20.6,17.27,968.0,68.36,58.16,78.3,6205.0
madhya pradesh,shajapur,52,204,47,470,29,20,116,0,3868,276,565,0,2089,4,630,40,1512353.0,19.4,17.17,939.0,70.17,56.36,83.2,6195.0
madhya pradesh,sheopur,34,69,36,148,26,11,77,1,1620,103,200,3,912,3,598,29,687952.0,15.6,22.96,902.0,58.02,44.45,70.3,6606.0
madhya pradesh,shivpuri,119,304,172,651,63,55,273,2,6007,395,1082,0,2891,8,1630,80,1725818.0,17.1,22.74,877.0,63.73,49.47,76.2,10066.0
madhya pradesh,sidhi,45,120,100,244,13,21,61,1,3649,185,670,3,2186,5,941,64,1126515.0,8.3,23.66,952.0,66.09,55.23,76.5,4851.0
madhya pradesh,sehore,96,372,149,760,39,25,78,5,5236,338,1276,8,2090,5,1116,58,1311008.0,18.9,21.51,918.0,71.11,58.86,82.4,6578.0
madhya pradesh,singrauli,77,264,114,393,37,18,110,9,3512,220,507,0,1763,3,714,55,1178132.0,19.3,28.03,916.0,62.36,49.86,73.8,5675.0
madhya pradesh,tikamgarh,64,277,79,319,35,17,208,4,3638,196,628,1,1810,6,843,66,1444920.0,17.3,20.11,901.0,62.57,50.71,73.3,5048.0
madhya pradesh,ujjain,207,378,148,1594,66,53,121,7,9362,607,1858,0,4323,7,1195,60,1986597.0,39.2,16.11,954.0,73.55,61.4,85.2,6091.0
madhya pradesh,umaria,23,153,91,193,11,16,36,0,2268,199,0,0,1546,3,591,33,643579.0,17.2,24.73,953.0,67.34,56.06,78.1,4076.0
madhya pradesh,vidisha,159,469,140,791,34,46,213,8,6313,500,954,1,2998,7,1430,73,1458212.0,23.3,20.03,897.0,72.08,61.67,81.4,7371.0
maharashtra,akola,105,157,42,1035,133,115,155,4,4512,380,644,18,1724,8,853,99,1818617.0,39.69,11.6,942.0,87.55,81.91,92.89,5676.0
maharashtra,bhandara,40,84,23,655,25,55,62,0,2048,130,444,2,528,7,749,63,1198810.0,19.5,5.52,984.0,85.14,77.02,93.17,4087.0
maharashtra,chandrapur,104,298,49,1034,74,120,155,0,4596,457,825,6,1474,15,1536,141,2194262.0,35.08,5.95,959.0,81.35,73.65,88.73,11443.0
maharashtra,dhule,85,105,43,599,176,89,53,0,2841,321,689,10,671,5,896,89,2048781.0,27.91,19.96,941.0,74.61,66.21,82.59,7195.0
maharashtra,gadchiroli,111,67,8,199,12,36,41,0,916,50,199,2,191,12,1539,103,1071795.0,11.0,10.46,975.0,70.55,60.66,80.21,14412.0
maharashtra,hingoli,56,72,29,200,75,44,66,2,1800,167,277,0,812,5,765,68,1178973.0,15.17,19.43,935.0,76.04,64.73,86.73,4827.0
maharashtra,jalgaon,159,198,84,1419,345,198,195,3,6566,756,990,17,2202,16,1437,173,4224442.0,31.8,14.71,922.0,79.73,70.92,87.97,11765.0
maharashtra,jalna,144,99,39,875,171,116,214,0,3421,495,205,12,1051,8,1128,107,1958483.0,19.26,21.84,929.0,73.61,61.28,85.25,7718.0
maharashtra,kolhapur,135,252,70,1500,290,317,133,0,5031,341,1093,17,883,13,1298,190,3874015.0,31.75,9.96,953.0,82.9,74.18,91.33,7685.0
maharashtra,latur,136,171,84,890,284,127,96,0,4167,503,649,12,1215,12,1193,137,2455543.0,25.47,18.04,924.0,79.03,70.02,87.42,7157.0
maharashtra,nanded,150,129,95,824,219,155,212,0,4659,336,842,14,1683,17,1643,176,3356566.0,27.23,16.7,937.0,76.94,66.68,86.62,10528.0
maharashtra,nandurbar,60,75,21,260,93,37,40,0,1457,89,362,3,417,6,1206,96,1646177.0,16.72,25.5,972.0,63.04,53.9,71.98,5955.0
maharashtra,osmanabad,99,129,28,692,162,76,84,4,2886,253,651,6,702,8,764,81,1660311.0,16.96,11.69,920.0,76.33,66.67,85.31,7569.0
maharashtra,palghar,129,294,114,1934,222,273,225,1,4836,279,765,6,594,8,1006,151,0.0,0.0,0.0,0.0,0.0,0.0,0.0,0.0
maharashtra,parbhani,129,114,64,766,179,145,169,1,3671,398,448,9,1249,10,874,87,1835982.0,31.04,20.18,940.0,75.22,64.27,85.66,6214.0
maharashtra,ratnagiri,29,103,19,439,73,74,37,0,1623,95,495,4,255,9,1459,254,1612672.0,16.35,-4.96,1123.0,82.43,74.55,91.43,8208.0
maharashtra,sangli,98,199,68,909,231,206,158,0,5272,276,739,29,2359,11,784,152,2820575.0,25.51,9.18,964.0,82.62,74.66,90.4,8572.0
maharashtra,satara,115,291,88,1942,344,181,168,4,6221,445,1075,11,1557,11,2026,227,3003922.0,18.98,6.94,986.0,84.2,76.29,92.09,10480.0
maharashtra,sindhudurg,26,37,10,237,33,30,35,0,803,53,182,0,160,8,721,144,848868.0,12.6,-2.3,1037.0,86.54,79.73,93.68,5207.0
maharashtra,wardha,107,186,37,1030,55,99,128,0,3779,299,217,1,1620,8,876,92,1296157.0,32.47,4.8,946.0,87.22,81.89,92.27,6309.0
maharashtra,washim,98,99,32,638,124,55,97,3,2638,307,314,4,867,6,683,74,1196714.0,17.69,17.23,926.0,81.7,72.26,90.54,4898.0
maharashtra,yavatmal,178,324,157,2463,255,152,302,4,10130,1283,911,31,4070,16,1755,193,2775457.0,21.59,12.9,947.0,80.7,72.41,88.58,13582.0
manipur,bishnupur,36,27,11,58,6,3,22,0,324,9,103,5,44,2,109,10,240363.0,36.73,15.36,1000.0,76.35,67.29,85.52,496.0
manipur,chandel,11,0,2,12,3,0,6,0,70,1,18,0,17,4,332,15,144028.0,11.74,21.72,932.0,70.85,63.26,77.93,3313.0
manipur,churachandpur,24,15,6,36,1,7,7,0,139,3,10,1,29,6,405,19,271274.0,6.4,19.03,969.0,84.29,80.13,88.34,4570.0
manipur,imphal east,55,60,27,266,15,19,50,1,683,16,102,26,46,3,223,23,452661.0,40.28,14.63,1011.0,82.81,75.92,89.86,709.0
manipur,imphal west,82,61,52,507,42,49,111,2,1426,58,270,40,152,3,187,44,514683.0,61.9,15.82,1029.0,86.7,80.71,92.93,519.0
manipur,senapati,13,3,11,16,3,2,4,0,121,2,29,3,35,6,531,30,354972.0,2.1,25.16,939.0,75.0,68.8,80.85,3271.0
manipur,tamenglong,23,0,9,12,1,2,15,0,125,0,29,1,33,4,249,32,140143.0,11.22,25.69,953.0,70.4,63.76,76.74,4391.0
manipur,thoubal,63,57,61,170,29,30,94,0,787,51,181,12,39,2,144,12,420517.0,35.48,15.48,1006.0,76.66,67.57,85.9,514.0
manipur,ukhrul,21,3,3,6,1,1,8,0,58,0,5,1,9,5,242,40,183115.0,14.32,30.07,948.0,81.87,77.47,86.05,4544.0
mizoram,aizawl,26,117,2,712,0,46,71,1,1126,63,18,14,56,11,183,51,404054.0,77.42,24.07,1009.0,98.5,98.0,99.01,3576.0
mizoram,champhai,13,66,1,136,0,4,11,0,282,29,4,0,18,4,109,23,125370.0,38.46,15.66,981.0,93.51,92.2,94.8,3185.0
mizoram,kolasib,2,31,2,183,0,4,7,1,278,11,9,6,22,3,45,11,83054.0,56.22,25.92,956.0,94.54,93.53,95.5,1382.0
mizoram,lawngtlai,7,27,0,41,0,1,10,0,113,5,9,0,13,5,169,19,117444.0,17.79,59.53,945.0,66.41,57.62,74.68,2557.0
mizoram,lunglei,14,42,0,92,0,7,7,0,202,13,13,1,13,4,134,25,154094.0,39.9,12.29,944.0,89.4,85.85,92.74,4536.0
mizoram,mamit,1,30,2,74,0,2,5,1,136,8,5,0,8,4,82,17,85757.0,17.27,36.59,924.0,85.96,81.37,90.15,3025.0
mizoram,saiha,4,12,0,43,0,3,4,0,81,2,2,1,10,2,80,11,56366.0,44.47,-7.68,978.0,88.41,85.8,91.0,1399.0
mizoram,serchhip,4,36,0,55,0,2,7,1,120,3,5,1,6,3,49,12,64875.0,49.3,20.45,976.0,98.76,98.28,99.24,1421.0
nagaland,dimapur,39,38,25,270,2,27,15,3,524,14,6,73,12,5,277,30,379769.0,51.95,23.23,916.0,85.44,82.54,88.07,927.0
nagaland,kiphire,3,3,0,2,0,4,1,0,15,0,1,0,1,3,95,3,50593.0,15.04,-58.39,903.0,73.1,70.35,76.54,1130.0
nagaland,kohima,9,27,5,93,0,17,0,0,217,0,7,28,31,6,121,6,270063.0,45.6,22.66,927.0,85.58,81.56,89.28,1463.0
nagaland,longleng,3,3,0,2,0,0,0,0,17,0,2,3,4,2,37,2,74033.0,22.28,-30.54,961.0,71.1,65.44,75.6,562.0
nagaland,mokokchung,8,3,2,14,0,13,4,0,69,2,7,5,11,6,128,6,193171.0,28.81,-16.77,927.0,92.68,91.74,93.55,1615.0
nagaland,mon,9,3,0,11,1,3,0,0,41,0,2,1,11,5,139,5,250671.0,13.85,-3.83,898.0,56.6,52.39,60.38,1786.0
nagaland,peren,1,1,0,7,0,0,0,0,19,1,2,4,3,3,106,7,94954.0,15.59,4.61,917.0,79.0,73.57,83.96,1651.0
nagaland,phek,15,3,0,31,0,4,3,0,76,3,2,12,3,4,109,5,163294.0,15.07,10.19,951.0,79.13,73.5,84.53,2026.0
nagaland,tuensang,0,3,2,20,2,1,0,0,50,0,2,2,18,5,126,14,196801.0,18.72,5.81,930.0,73.7,70.4,76.76,2536.0
nagaland,wokha,19,0,2,29,6,0,0,0,90,0,0,1,33,3,138,42,166239.0,21.05,3.11,969.0,87.6,84.58,90.53,1628.0
nagaland,zunheboto,11,9,1,39,0,4,7,0,86,0,0,0,15,5,202,5,141014.0,19.58,-8.79,981.0,86.26,83.61,88.86,1255.0
odisha,angul,147,133,85,861,73,67,30,6,3017,188,174,10,1243,11,1220,134,1271703.0,16.23,11.55,942.0,78.96,70.44,87.06,6375.0
odisha,balasore,197,341,231,702,79,140,180,4,4485,974,421,21,1195,16,1830,207,2317419.0,10.92,14.47,957.0,80.66,72.95,88.06,3806.0
odisha,bhadrak,125,189,116,349,45,85,67,0,2917,375,85,8,1473,9,1094,124,439917.0,12.33,17.82,991.0,72.51,60.44,89.92,2505.0
odisha,bolangir,96,168,130,400,64,43,232,1,2478,287,252,9,796,19,1774,209,1648574.0,11.96,23.29,983.0,65.5,53.77,77.08,6575.0
odisha,boudh,59,72,34,96,13,14,121,3,640,87,108,2,31,4,762,61,1506522.0,4.65,12.95,981.0,83.25,76.49,84.49,3098.0
odisha,cuttack,95,174,94,361,40,49,140,0,2699,93,401,2,1250,19,1515,214,2618708.0,27.94,11.86,955.0,84.2,77.64,90.51,3932.0
odisha,deogarh,48,96,18,131,13,10,57,0,963,71,28,12,479,4,491,51,312164.0,7.61,13.88,976.0,73.07,63.36,82.62,2940.0
odisha,dhenkanal,226,129,68,403,64,50,60,5,2065,472,327,15,246,12,913,140,1192948.0,9.83,11.82,947.0,79.41,71.4,87.08,4452.0
odisha,gajapati,39,57,22,58,32,16,26,4,496,100,78,5,59,9,1179,133,575880.0,12.25,10.99,1042.0,54.29,43.59,65.58,4325.0
odisha,ganjam,338,255,129,388,66,51,272,0,2730,552,68,21,590,40,2460,338,3520151.0,21.78,11.37,981.0,71.88,61.84,81.85,8206.0
odisha,jagatsinghpur,105,111,83,568,70,76,227,2,2394,357,221,23,551,11,1051,130,1136604.0,10.2,7.47,967.0,87.13,80.88,93.2,1668.0
odisha,jajpur,95,219,123,668,83,59,1075,2,3318,355,417,3,219,12,1448,152,1826275.0,7.39,12.43,972.0,80.44,73.37,87.36,2899.0
odisha,jharsuguda,53,126,48,421,30,30,41,1,1502,172,222,9,349,8,385,60,0.0,0.0,0.0,0.0,0.0,70.05,86.27,2114.0
odisha,kalahandi,93,303,190,236,75,63,357,0,2223,366,329,9,202,17,1641,210,1573054.0,7.75,17.79,1003.0,60.22,47.27,73.34,7920.0
odisha,kandhamal,43,162,48,144,23,58,34,0,1194,169,146,0,367,14,1584,167,731952.0,9.86,12.92,1037.0,65.12,52.46,78.41,8021.0
odisha,kendrapara,74,144,88,247,59,56,180,2,2330,422,66,0,992,11,1238,152,1439891.0,5.8,10.59,1006.0,85.93,79.51,92.45,2644.0
odisha,keonjhar,178,309,107,395,51,60,274,4,2725,383,732,19,213,17,1857,191,1802777.0,14.04,15.42,987.0,69.0,58.7,79.22,8303.0
odisha,koraput,119,282,73,256,61,30,21,0,1540,207,277,10,204,18,1585,179,1376934.0,16.37,16.63,1031.0,49.87,38.92,61.29,8807.0
odisha,malkangiri,63,57,21,78,17,37,24,0,454,54,54,1,48,9,790,110,612727.0,7.97,21.53,1016.0,49.49,38.95,60.29,5791.0
odisha,mayurbhanj,241,433,135,452,65,77,56,3,3050,647,405,13,523,30,3238,384,2513895.0,7.67,13.06,1005.0,63.98,53.18,74.92,10418.0
odisha,nayagarh,139,69,47,265,49,48,19,2,1529,69,187,9,626,10,1024,103,962215.0,8.29,11.3,916.0,79.17,71.08,86.63,3890.0
odisha,nabarangpur,58,219,100,120,94,34,12,0,1837,300,205,4,691,12,870,166,1218762.0,7.2,18.81,1018.0,48.2,37.22,59.45,5291.0
odisha,nuapada,56,78,57,154,31,21,45,0,1211,236,120,0,413,8,627,87,606490.0,5.61,14.28,1020.0,58.2,45.21,71.55,3852.0
odisha,puri,153,209,146,809,117,117,492,0,4413,366,329,20,1655,15,1295,192,1697983.0,15.63,13.0,963.0,85.37,78.67,91.84,3479.0
odisha,rayagada,71,177,86,219,49,41,24,0,1295,228,223,18,159,14,1843,182,961959.0,15.36,15.74,1048.0,50.88,39.87,62.61,7073.0
odisha,sambalpur,128,243,98,1005,85,50,703,4,3531,171,530,24,490,14,996,149,0.0,0.0,0.0,0.0,0.0,68.47,85.17,6624.0
odisha,sonepur,31,54,27,129,22,20,5,0,760,79,112,1,280,9,746,94,652107.0,7.66,20.35,959.0,74.42,63.63,84.78,2337.0
punjab,barnala,48,94,41,145,0,51,42,2,839,44,133,1,238,3,197,21,596294.0,31.97,13.16,876.0,68.9,64.14,73.1,1482.0
punjab,bathinda,108,171,67,435,0,153,101,4,2207,156,264,4,744,8,394,45,1388859.0,35.99,17.37,865.0,69.57,62.92,75.3,3353.0
punjab,faridkot,57,72,23,145,0,42,81,1,717,33,103,0,160,2,234,30,618008.0,35.2,12.18,889.0,70.65,64.82,75.9,1458.0
punjab,fatehgarh sahib,32,84,28,139,0,120,16,0,962,54,215,0,274,5,459,54,599814.0,30.87,11.39,871.0,80.33,75.53,84.5,1180.0
punjab,fazilka,44,161,32,141,0,93,141,2,977,81,112,0,170,5,510,61,0.0,0.0,0.0,0.0,0.0,0.0,0.0,0.0
punjab,gurdaspur,30,86,31,124,0,86,105,0,823,86,130,0,145,11,1107,166,2299026.0,28.5,9.3,895.0,81.06,75.73,85.9,3551.0
punjab,hoshiarpur,71,136,63,367,0,167,212,6,1707,143,310,0,232,10,1266,175,1582793.0,21.15,6.85,962.0,85.43,80.78,89.9,3386.0
punjab,kapurthala,56,101,40,242,0,103,192,0,1157,95,151,1,176,5,539,68,817668.0,34.9,8.37,912.0,80.18,75.36,84.6,1633.0
punjab,mansa,56,71,15,104,0,111,62,0,823,68,96,2,238,5,288,46,768808.0,21.26,11.62,880.0,62.78,56.41,68.4,2198.0
punjab,moga,68,88,36,258,0,91,90,3,1208,68,158,2,346,5,332,46,992289.0,22.55,10.9,893.0,71.59,67.41,75.3,2242.0
punjab,muktsar,51,88,30,170,0,56,44,6,821,52,89,2,233,4,300,38,902702.0,27.99,16.1,895.0,66.79,60.03,72.9,2593.0
punjab,pathankot,16,38,11,121,0,107,20,3,599,95,101,0,87,6,393,59,0.0,0.0,0.0,0.0,0.0,0.0,0.0,0.0
punjab,patiala,111,122,91,469,0,348,58,7,2813,246,577,2,782,8,995,124,1892282.0,53.64,19.4,888.0,76.26,70.47,81.4,3325.0
punjab,sangrur,92,171,58,328,0,148,234,5,2037,146,309,0,546,10,707,97,1654408.0,40.27,12.3,883.0,68.88,62.86,74.2,3625.0
rajasthan,ajmer,122,402,226,1499,64,1486,40,7,9436,1035,1402,6,3147,10,1243,351,2584913.0,40.09,18.48,950.0,70.46,56.42,83.93,8481.0
rajasthan,alwar,172,926,373,3497,383,1452,39,0,13301,1009,1401,2,4047,14,1994,508,3671999.0,17.82,22.7,894.0,71.68,56.78,85.08,8380.0
rajasthan,banswara,38,450,152,292,138,106,69,0,3080,307,430,0,1098,11,1484,373,1798194.0,7.11,26.58,979.0,57.2,43.47,70.8,4522.0
rajasthan,baran,196,216,162,574,79,345,184,3,4636,559,461,23,1834,7,1117,228,1223921.0,20.79,19.8,926.0,67.38,52.48,81.23,6992.0
rajasthan,barmer,72,325,57,574,160,360,39,1,4571,568,493,77,1845,17,2317,504,2604453.0,7.0,32.55,900.0,57.49,41.03,72.32,28387.0
rajasthan,bharatpur,168,662,290,1657,0,862,27,1,10642,787,633,12,5543,10,1466,369,2549121.0,19.41,21.32,877.0,71.16,54.63,85.7,5066.0
rajasthan,bhilwara,69,162,122,1024,305,752,80,2,7452,1146,839,84,2867,12,1852,410,2410459.0,21.29,19.7,969.0,62.71,47.93,77.16,10455.0
rajasthan,bikaner,115,225,81,491,0,857,26,7,5572,688,257,0,2825,7,866,293,2367745.0,33.95,41.42,903.0,65.92,53.77,76.9,30239.0
rajasthan,bundi,75,240,145,361,144,362,179,1,3977,508,673,1,1288,5,946,200,1113725.0,19.94,15.7,922.0,62.31,47.0,76.52,5776.0
rajasthan,churu,97,227,102,418,171,606,48,0,3977,466,430,0,1412,7,1053,289,2041172.0,28.24,6.1,938.0,67.46,54.25,79.95,13835.0
rajasthan,dausa,63,111,123,1145,1053,538,7,0,5655,389,795,0,1431,6,1003,232,1637226.0,12.38,24.31,904.0,69.17,52.33,84.54,3432.0
rajasthan,dungarpur,48,336,143,222,2,119,119,0,2885,354,409,14,1119,10,976,266,1388906.0,6.39,25.39,990.0,60.78,46.98,74.66,3770.0
rajasthan,ganganagar,134,548,149,615,0,1234,14,2,7256,1089,362,3,3106,9,1937,378,1969520.0,27.2,10.06,887.0,70.25,60.07,79.33,10978.0
rajasthan,hanumangarh,146,416,79,430,0,817,74,5,5282,734,359,1,2221,7,994,284,1779650.0,19.71,17.24,906.0,68.37,56.91,78.82,9656.0
rajasthan,jaisalmer,32,30,18,255,15,149,18,0,1498,147,149,0,685,3,569,152,672008.0,13.28,32.22,849.0,58.04,40.23,73.09,38401.0
rajasthan,jhalawar,141,447,181,641,341,223,119,0,4919,833,520,27,1446,8,1512,256,1411327.0,16.26,19.57,945.0,62.13,47.06,76.47,6219.0
rajasthan,karauli,65,147,130,764,323,233,18,0,4693,332,278,0,2403,6,776,239,1458459.0,14.99,20.57,858.0,67.34,49.18,82.96,5524.0
rajasthan,nagaur,155,306,133,696,0,687,31,4,5942,618,599,6,2707,14,1658,486,3309234.0,19.17,19.25,948.0,64.08,48.63,78.9,17718.0
rajasthan,pali,101,344,161,739,9,635,36,0,6576,878,366,0,3307,10,1118,330,2038533.0,22.56,11.99,987.0,63.23,48.35,78.16,12387.0
rajasthan,rajsamand,28,144,89,339,115,354,39,0,2881,377,515,10,871,7,1043,226,1158283.0,15.93,17.35,988.0,63.93,48.44,79.52,4655.0
rajasthan,sawai madhopur,61,240,114,702,0,326,8,3,4346,393,362,4,2133,6,769,211,1338114.0,19.9,19.79,894.0,66.19,47.8,82.72,4498.0
rajasthan,sikar,101,237,202,1113,16,1243,44,0,7145,479,957,0,2753,9,1147,354,2677737.0,23.65,17.04,944.0,72.98,58.76,86.66,7732.0
rajasthan,sirohi,85,156,66,195,23,281,73,0,2437,359,416,1,782,5,503,174,1037185.0,20.13,21.86,938.0,56.02,40.12,71.09,5136.0
rajasthan,tonk,53,180,77,492,231,377,100,0,4760,453,242,1,2554,6,1155,240,1421711.0,22.36,17.33,949.0,62.46,46.01,78.27,7194.0
rajasthan,udaipur,223,724,378,1363,348,1166,89,1,10308,1213,1500,65,3238,17,2146,536,3067549.0,19.85,23.66,958.0,62.74,49.1,75.91,11724.0
tamil nadu,chennai,386,196,36,1968,242,620,63,0,16910,528,9610,60,3201,10,187,110,4681087.0,100.0,7.77,986.0,90.33,87.16,93.47,175.0
tamil nadu,coimbatore,78,21,35,657,45,113,16,0,5007,68,2351,0,1623,22,566,199,3472578.0,75.83,18.46,1001.0,84.31,79.16,89.49,4732.0
tamil nadu,cuddalore,172,42,83,675,279,48,55,0,9469,47,3680,0,4388,14,827,172,2600880.0,33.94,13.8,984.0,79.04,71.2,86.84,3703.0
tamil nadu,dharmapuri,97,33,139,421,116,51,60,0,4357,60,1610,0,1770,8,1012,100,1502900.0,17.33,16.04,946.0,64.71,60.03,69.16,4497.0
tamil nadu,dindigul,121,45,113,382,77,227,19,0,6257,152,1828,227,3066,16,393,164,2161367.0,37.36,12.39,998.0,76.85,68.82,84.91,6036.0
tamil nadu,erode,75,0,30,455,27,91,36,0,4364,45,1955,0,1650,20,626,142,2259608.0,51.22,12.05,992.0,72.96,65.07,80.81,5760.0
tamil nadu,karur,40,3,15,215,43,35,7,0,2239,30,1025,0,826,8,200,75,1076588.0,40.33,15.06,1015.0,75.86,67.05,84.86,2904.0
tamil nadu,madurai,251,111,200,1004,210,662,282,0,8252,420,2039,0,3073,15,693,165,3041038.0,60.64,17.95,990.0,81.66,76.74,86.55,3710.0
tamil nadu,nagapattinam,96,48,40,301,73,11,26,0,4418,64,1373,0,2386,11,489,100,1614069.0,22.54,8.41,1025.0,84.09,78.0,90.38,2569.0
tamil nadu,namakkal,73,0,27,226,44,43,30,1,3997,62,2111,0,1380,15,333,83,1721179.0,40.27,15.25,986.0,74.92,66.68,83.09,3420.0
tamil nadu,perambalur,33,21,4,99,22,12,10,0,1783,40,493,0,1049,10,508,107,564511.0,17.14,14.36,1006.0,74.68,66.11,83.39,1756.0
tamil nadu,salem,118,20,48,245,91,69,45,0,4706,75,2061,1,1933,21,601,174,3480008.0,51.04,15.37,954.0,73.23,65.43,80.7,5237.0
tamil nadu,thanjavur,180,24,56,524,158,60,98,0,6224,93,2161,0,2870,15,765,165,2402781.0,35.39,8.42,1031.0,82.72,76.61,89.06,3411.0
tamil nadu,theni,101,24,45,350,75,133,23,0,4568,94,1185,27,2511,8,102,80,1243684.0,53.83,13.69,990.0,77.62,69.72,85.48,2868.0
tamil nadu,thiruvallur,85,24,9,324,144,75,26,0,4043,23,1384,0,1949,14,1234,133,3725697.0,65.3,35.25,983.0,83.82,78.39,89.18,3394.0
tamil nadu,thiruvarur,64,6,27,321,34,34,35,0,4042,11,1008,0,2502,10,473,96,1268094.0,20.4,8.43,1020.0,83.26,77.02,89.65,2274.0
tamil nadu,vellore,243,36,97,1105,11,91,20,3,10504,157,3309,0,5432,22,802,203,3928106.0,43.13,12.96,1004.0,79.65,72.43,86.96,6075.0
tamil nadu,virudhunagar,126,39,23,490,75,169,19,0,4298,57,1288,4,2008,11,466,134,1943309.0,50.42,10.96,1009.0,80.75,73.14,88.46,4241.0
telangana,adilabad,197,139,46,805,38,224,98,0,6075,727,1441,21,2339,52,1555,233,2737738.0,27.68,10.04,1003.0,61.55,51.99,71.22,16105.0
telangana,karimnagar,259,198,106,1153,87,819,225,0,9406,1214,1498,2,3845,57,1045,203,3811738.0,26.08,9.16,1009.0,64.87,55.18,74.72,11823.0
telangana,khammam,168,308,73,1194,94,846,66,0,11186,1032,3829,10,3566,41,783,185,2798214.0,23.43,8.5,1010.0,65.46,57.85,73.2,16029.0
telangana,medak,221,180,59,1196,39,312,94,0,7029,638,1785,9,2496,46,1214,184,3031877.0,24.02,13.55,989.0,62.53,52.49,72.5,9699.0
telangana,nalgonda,271,397,95,1141,141,342,219,0,9439,906,2035,8,3884,59,1117,216,3483648.0,19.0,7.26,982.0,65.05,55.05,74.94,14240.0
telangana,nizamabad,194,112,57,1154,54,321,129,1,7097,991,1529,26,2529,36,822,129,2552073.0,23.03,8.8,1038.0,62.25,52.33,72.66,7956.0
telangana,ranga reddy,125,154,35,302,2,82,64,1,2409,303,477,2,862,37,876,137,5296396.0,70.32,48.15,955.0,78.05,71.82,84.0,7493.0
telangana,warangal,83,149,45,493,83,178,85,0,4483,441,763,0,2163,51,993,211,3522644.0,28.34,8.52,994.0,66.16,56.45,75.91,12846.0
tripura,dhalai,26,106,13,25,5,8,50,0,427,91,45,2,56,9,176,56,377988.0,10.71,22.78,945.0,86.82,80.83,92.45,2400.0
tripura,gomati,21,96,23,80,11,23,186,1,885,195,108,1,140,9,162,46,0.0,0.0,0.0,0.0,0.0,0.0,0.0,0.0
tripura,unakoti,17,73,11,35,19,9,130,0,445,82,45,0,24,6,82,33,0.0,0.0,0.0,0.0,0.0,0.0,0.0,0.0
uttar pradesh,agra,429,245,463,4066,413,410,327,2,9566,757,971,51,1432,17,1945,138,4380793.0,45.87,21.0,859.0,69.44,59.16,78.32,4041.0
uttar pradesh,aligarh,490,389,471,2858,436,356,310,11,8886,831,787,31,1916,14,1672,136,3673849.0,33.11,22.78,876.0,69.61,57.48,80.24,3650.0
uttar pradesh,allahabad,293,327,330,2760,129,517,354,6,10003,721,1101,0,3465,22,2311,295,5959798.0,24.78,20.74,902.0,74.41,62.67,85.0,5482.0
uttar pradesh,ambedkar nagar,62,60,59,122,37,43,126,0,1344,68,175,0,592,10,1374,113,2398709.0,11.74,18.35,976.0,74.37,64.62,83.95,2350.0
uttar pradesh,auraiya,73,63,99,208,20,78,8,0,1803,258,351,0,645,8,1133,90,1372287.0,17.07,16.3,864.0,80.25,71.97,87.37,2016.0
uttar pradesh,azamgarh,170,126,183,604,203,134,313,0,2910,294,481,6,396,23,2618,283,4616509.0,8.52,17.17,1017.0,72.69,62.65,83.08,4054.0
uttar pradesh,baghpat,184,105,121,414,56,63,9,0,1888,200,203,0,533,7,312,57,1302156.0,21.05,11.87,858.0,73.54,61.22,84.17,1321.0
uttar pradesh,bahraich,133,204,202,356,73,93,172,0,2345,96,253,0,763,15,1594,142,3478257.0,8.26,46.08,891.0,51.1,40.76,60.23,5237.0
uttar pradesh,ballia,97,71,116,395,113,84,189,3,1686,192,205,0,221,18,1651,178,3223642.0,9.43,16.73,933.0,73.82,61.72,85.19,2981.0
uttar pradesh,banda,122,226,151,351,86,65,41,0,2058,320,344,0,352,9,487,72,1799541.0,15.35,17.06,863.0,68.11,54.95,79.38,4408.0
uttar pradesh,barabanki,110,106,65,161,3,149,306,1,2476,112,454,3,1006,16,1992,157,3257983.0,10.14,21.86,908.0,63.76,54.1,72.49,4402.0
uttar pradesh,bareilly,349,236,337,1121,153,467,185,0,6592,465,559,87,2633,19,1966,154,4465344.0,34.99,23.4,883.0,60.52,50.35,69.47,4120.0
uttar pradesh,basti,55,45,53,122,20,19,96,1,761,82,161,0,107,15,1762,166,2461056.0,5.61,18.05,959.0,69.69,58.35,80.65,2688.0
uttar pradesh,bijnor,203,284,184,591,77,205,22,13,3593,201,339,6,1468,16,1919,159,3683896.0,25.13,17.64,913.0,70.43,61.45,78.7,4561.0
uttar pradesh,chitrakoot,49,69,46,152,12,41,19,0,1005,91,192,0,334,6,345,49,990626.0,9.73,29.29,879.0,66.52,54.03,77.42,3216.0
uttar pradesh,deoria,102,110,137,250,81,42,214,2,1692,105,344,2,303,18,1725,194,3098637.0,10.23,14.23,1013.0,73.53,61.34,86.07,2540.0
uttar pradesh,etah,212,166,172,534,110,100,323,6,2851,278,461,3,486,11,1134,74,1761152.0,15.24,12.77,863.0,73.27,61.72,83.21,2431.0
uttar pradesh,etawah,154,90,136,689,26,119,109,0,2720,215,537,0,645,9,1330,86,1579160.0,23.2,17.95,867.0,79.99,71.16,87.64,2311.0
uttar pradesh,faizabad,73,111,120,399,28,138,208,0,2451,112,412,0,850,17,1218,143,2468371.0,13.89,18.16,961.0,70.63,60.72,80.21,2341.0
uttar pradesh,fatehpur,125,188,131,315,42,178,278,3,2604,237,536,8,563,15,1606,180,2632684.0,12.25,14.05,900.0,68.78,57.76,78.69,4152.0
uttar pradesh,firozabad,346,191,284,899,201,175,366,14,4282,332,674,44,756,11,1339,140,2496761.0,33.33,21.62,867.0,74.6,64.8,83.08,2407.0
uttar pradesh,ghaziabad,330,354,482,3724,71,494,21,7,10141,899,924,39,2796,6,318,31,4661452.0,67.46,41.66,878.0,85.0,81.42,88.16,1179.0
uttar pradesh,ghazipur,152,72,128,380,113,93,274,0,1955,167,182,0,394,17,1675,204,3622727.0,7.56,19.26,951.0,74.27,62.29,85.77,3377.0
uttar pradesh,gonda,106,116,139,273,48,135,239,3,2058,96,247,0,656,19,1791,181,3431386.0,6.56,24.07,922.0,61.16,49.13,72.23,4003.0
uttar pradesh,gorakhpur,258,276,299,1127,193,269,363,0,4634,413,706,28,702,20,2291,192,4436275.0,18.78,17.69,944.0,73.25,61.54,84.38,3321.0
uttar pradesh,hardoi,156,119,177,337,36,95,419,1,3012,273,607,0,792,25,2161,208,4091380.0,13.22,20.39,856.0,68.89,59.17,77.2,5986.0
uttar pradesh,hathras,178,185,146,474,114,89,106,1,2350,249,360,12,436,9,996,76,1565678.0,21.31,17.19,870.0,73.1,60.79,83.83,1840.0
uttar pradesh,jalaun,75,36,64,170,11,42,11,1,860,115,227,0,108,13,1159,86,1670718.0,25.06,14.87,865.0,75.16,63.88,84.89,4565.0
uttar pradesh,jaunpur,145,150,133,455,107,70,416,0,2408,158,335,0,439,22,2355,260,4476072.0,7.45,14.43,1018.0,73.66,61.7,86.06,4038.0
uttar pradesh,jhansi,157,86,112,387,65,85,25,3,2008,237,375,20,456,10,945,71,2000755.0,41.78,14.66,885.0,76.37,64.88,86.58,5024.0
uttar pradesh,kannauj,93,66,100,180,10,74,7,0,2115,218,396,0,971,9,819,98,1658005.0,16.92,19.37,879.0,74.01,64.46,82.36,2093.0
uttar pradesh,kanpur dehat,111,60,157,168,40,68,152,2,2127,274,485,2,608,10,1354,119,1795092.0,9.66,14.82,862.0,77.52,68.48,85.27,3021.0
uttar pradesh,kanpur nagar,310,240,442,1928,233,552,241,0,8606,929,1284,1,2446,20,1091,175,4572951.0,65.93,9.72,852.0,81.31,76.89,85.07,3155.0
uttar pradesh,kaushambi,77,43,92,223,23,74,128,0,1939,233,290,0,756,8,876,117,1596909.0,7.79,23.49,905.0,63.69,50.76,75.35,1779.0
uttar pradesh,lalitpur,43,75,34,86,26,44,10,0,1001,69,137,0,477,7,713,49,1218002.0,14.38,24.57,905.0,64.95,52.26,76.41,5039.0
uttar pradesh,lucknow,276,206,377,3882,203,970,48,2,14728,1527,1313,47,5877,9,1166,146,4588455.0,66.2,25.79,906.0,79.33,73.88,84.27,2528.0
uttar pradesh,maharajganj,57,96,103,103,41,52,159,0,1209,123,175,3,297,17,1057,118,2665292.0,5.06,22.61,938.0,64.3,50.14,77.62,2952.0
uttar pradesh,mahoba,63,66,58,110,26,30,3,0,840,99,162,0,223,5,452,41,876055.0,21.19,23.66,880.0,66.94,54.65,77.72,3144.0
uttar pradesh,mainpuri,195,70,142,571,85,75,171,0,2475,180,544,0,442,10,1397,90,1847194.0,15.39,15.69,876.0,78.26,68.35,86.93,2760.0
uttar pradesh,mathura,252,219,191,1368,190,267,249,0,4848,429,774,28,881,13,1199,123,2541894.0,29.66,22.53,858.0,72.65,58.93,84.39,3340.0
uttar pradesh,mau,112,78,88,316,93,101,235,3,1497,149,202,6,114,10,751,124,2205170.0,22.66,18.94,978.0,75.16,65.59,84.61,1713.0
uttar pradesh,meerut,558,279,438,4188,294,437,24,0,10148,985,1048,0,1897,14,771,175,3447405.0,51.13,15.01,885.0,74.8,65.69,82.91,2559.0
uttar pradesh,mirzapur,38,57,12,69,1,45,93,0,796,64,133,1,283,13,1469,106,2494533.0,13.89,17.89,900.0,70.38,58.77,80.83,4405.0
uttar pradesh,moradabad,194,267,190,987,78,221,51,0,4143,629,402,0,1124,10,1141,69,4773138.0,33.01,25.25,903.0,58.67,49.63,66.83,3718.0
uttar pradesh,muzaffarnagar,323,128,242,934,136,146,21,4,3956,333,452,39,1198,12,594,86,4138605.0,28.76,16.8,886.0,70.11,60.0,79.11,4008.0
uttar pradesh,pilibhit,107,218,128,285,13,123,2,4,3011,311,368,0,1452,9,1205,97,2037225.0,17.43,23.83,889.0,63.58,52.43,73.46,3686.0
uttar pradesh,pratapgarh,239,206,248,649,200,187,317,0,4193,370,332,0,1445,18,1877,188,3173752.0,5.54,16.2,994.0,73.1,60.99,85.29,3717.0
uttar pradesh,rampur,137,102,100,427,34,122,0,0,1953,193,389,0,449,7,1116,85,2335398.0,25.21,21.4,905.0,55.08,46.19,63.1,2367.0
uttar pradesh,saharanpur,205,226,273,1017,207,217,20,2,4281,389,356,47,1322,14,1357,127,3464228.0,30.71,19.59,887.0,72.03,63.3,79.77,3689.0
uttar pradesh,shahjahanpur,259,249,210,406,42,118,286,0,3223,370,486,0,797,17,2185,161,3002376.0,19.7,17.84,865.0,61.61,51.73,70.09,4388.0
uttar pradesh,shrawasti,34,15,40,89,16,65,165,0,806,40,67,0,275,5,803,54,1114615.0,3.45,-5.25,875.0,49.13,37.07,59.55,1640.0
uttar pradesh,sitapur,155,222,216,510,65,79,128,2,4021,389,336,0,1919,23,2603,238,4474446.0,11.84,23.62,879.0,63.38,52.8,72.61,5743.0
uttar pradesh,sonbhadra,55,79,20,107,3,26,153,1,783,43,180,1,115,8,1033,67,1862612.0,16.89,27.27,913.0,66.18,54.11,77.19,6905.0
uttar pradesh,sultanpur,106,141,157,510,73,88,208,0,2480,156,307,0,734,15,1341,117,3790922.0,5.28,17.92,978.0,71.14,60.17,81.99,4436.0
uttar pradesh,unnao,156,207,268,462,46,135,35,1,3522,486,595,4,1127,17,2107,202,3110595.0,17.14,15.19,901.0,68.29,58.54,77.06,4558.0
uttar pradesh,varanasi,124,146,166,878,81,398,210,1,3839,496,411,38,890,10,1331,119,3682194.0,43.43,17.32,909.0,77.05,68.2,85.12,1535.0
uttarakhand,almora,8,19,40,16,3,4,2,0,151,11,13,0,35,11,1401,107,621927.0,10.02,-1.73,1142.0,81.06,70.44,93.57,3144.0
uttarakhand,bageshwar,6,9,0,11,0,3,1,1,82,6,5,0,40,3,584,46,259840.0,3.5,5.13,1093.0,80.69,69.59,93.2,2241.0
uttarakhand,chamoli,5,13,7,16,3,3,2,0,132,13,4,0,66,9,809,78,391114.0,15.11,5.6,1021.0,83.48,73.2,94.18,8030.0
uttarakhand,champawat,3,24,0,7,4,5,2,0,112,12,7,0,48,4,498,40,259315.0,14.79,15.49,981.0,80.73,68.81,92.65,1766.0
uttarakhand,dehradun,67,170,69,585,99,219,36,1,2243,240,318,11,428,6,953,82,1698560.0,55.9,32.48,902.0,85.24,79.61,90.32,3088.0
uttarakhand,nainital,52,109,160,198,47,45,22,0,1153,74,218,1,227,8,1040,78,955128.0,38.94,25.2,933.0,84.85,78.21,91.09,4251.0
uttarakhand,pithoragarh,8,24,11,20,12,4,2,0,133,19,10,0,23,8,948,92,485993.0,14.31,5.13,1021.0,82.93,72.97,93.45,7090.0
uttarakhand,tehri garhwal,11,21,13,24,5,9,12,0,135,7,10,0,23,9,1468,115,616409.0,11.37,1.93,1078.0,75.1,61.77,89.91,3642.0
uttarakhand,uttarkashi,3,27,15,17,8,4,1,0,110,16,8,0,11,6,662,61,329686.0,7.35,11.75,959.0,75.98,62.23,89.26,8016.0
west bengal,alipurduar,95,388,176,665,20,87,23,0,3428,419,66,11,1478,7,776,107,0.0,0.0,0.0,0.0,0.0,0.0,0.0,0.0
west bengal,bankura,187,263,71,289,162,87,72,0,3151,455,374,8,1183,25,2179,223,3596292.0,8.36,12.64,954.0,70.95,60.44,81.0,6882.0
west bengal,birbhum,336,295,125,452,408,140,679,2,3834,519,436,9,433,25,1704,184,3502387.0,12.8,16.15,956.0,70.9,64.07,77.42,4545.0
west bengal,dakshin dinajpur,231,230,206,207,25,58,404,2,2480,425,287,9,396,10,920,78,1670931.0,14.13,11.16,954.0,73.86,67.81,79.63,2219.0
west bengal,jalpaiguri,132,458,218,779,11,48,47,0,4054,734,391,7,1229,11,1107,139,3869675.0,27.0,13.77,954.0,73.79,66.65,80.61,6227.0
west bengal,kolkata,212,463,423,4726,430,2046,917,15,26568,2044,4828,177,10287,1,141,94,4486679.0,100.0,-1.88,899.0,87.14,84.98,89.08,185.0
west bengal,murshidabad,2429,1747,596,971,88,234,3844,12,15481,3026,846,23,1665,33,3142,286,7102430.0,19.78,21.07,957.0,67.53,63.88,71.02,5324.0
west bengal,nadia,1014,842,463,1072,133,387,1119,3,12020,2102,749,75,4061,27,2227,232,5168488.0,27.81,12.24,947.0,75.58,71.35,79.58,3927.0
west bengal,paschim medinipur,391,296,208,801,330,137,103,1,5883,1485,720,24,1387,37,3430,324,5943300.0,11.65,14.44,960.0,79.04,71.11,86.66,9368.0
west bengal,uttar dinajpur,446,691,350,797,101,177,2840,8,8628,958,493,26,1741,13,1131,115,3000849.0,12.07,22.9,936.0,60.13,53.15,66.65,3140.0
chandigarh,chandigarh,67,183,187,1465,33,251,32,4,3314,232,374,6,480,20,84,20,1054686.0,97.25,17.1,818.0,86.43,81.38,90.54,114.0
daman & diu,daman,12,6,10,55,4,39,13,0,201,3,26,3,30,1,26,4,190855.0,46.62,67.43,533.0,88.06,81.14,91.53,72.0
daman & diu,diu,4,0,0,2,0,3,2,0,35,1,16,0,7,1,13,3,52056.0,83.1,17.73,1030.0,83.36,75.83,91.24,39.0
delhi ut,new delhi,26,60,44,1368,22,201,12,1,2390,91,451,8,106,7,29,7,133713.0,-25.35,-25.35,811.0,89.38,84.83,93.04,35.0
lakshadweep,lakshadweep,0,3,0,25,11,2,6,0,81,3,1,0,30,3,10,9,64429.0,78.02,6.23,946.0,92.28,88.25,96.11,30.0
puducherry,karaikal,7,9,1,53,6,9,8,0,674,14,243,2,322,1,38,8,200314.0,49.01,17.29,1048.0,87.83,82.61,93.36,157.0
